C01_V0088.mp4,002197
C01_V0088.mp4,002204
C01_V0088.mp4,002190
C01_V0088.mp4,002183
C01_V0088.mp4,002211
C01_V0088.mp4,000240
C01_V0088.mp4,000221
C01_V0088.mp4,000202
C01_V0088.mp4,000230
C01_V0088.mp4,000211
C01_V0088.mp4,000241
C01_V0088.mp4,000250
C01_V0088.mp4,000278
C01_V0088.mp4,000268
C01_V0088.mp4,000248
C01_V0088.mp4,000259
C01_V0088.mp4,002232
C01_V0088.mp4,002212
C01_V0088.mp4,002289
C01_V0088.mp4,002231
C01_V0088.mp4,002250
C01_V0088.mp4,002269
C01_V0088.mp4,002763
C01_V0088.mp4,002822
C01_V0088.mp4,002705
C01_V0088.mp4,002792
C01_V0088.mp4,002734
C01_V0088.mp4,002728
